fold,patient,true_label,prediction,probability(%),top_variant,variant_class,gene_functions,top_patch_idx,attention_score,test_loss,test_acc,test_auc
1,TCGA-F4-6809,MSS,MSS,100.0,APC_c.2819C>A,Nonsense_Mutation,Tumor Suppressor Genes,6663,0.1727,0.4581,93.02,0.9682
1,TCGA-D5-5541,MSS,MSS,100.0,Var#0,VC#0,N/A,9641,0.1436,0.4581,93.02,0.9682
1,TCGA-DM-A28M,MSS,MSS,100.0,Var#0,VC#0,N/A,18768,0.0907,0.4581,93.02,0.9682
1,TCGA-AA-3685,MSS,MSS,100.0,APC_c.2932C>T,Nonsense_Mutation,Tumor Suppressor Genes,1976,0.14,0.4581,93.02,0.9682
1,TCGA-F4-6461,MSS,MSS,100.0,APC_c.4285C>T,Nonsense_Mutation,Tumor Suppressor Genes,10891,0.1298,0.4581,93.02,0.9682
1,TCGA-D5-6927,MSIMUT,MSS,99.7,TAOK3_c.1771C>T,Missense_Mutation,Protein Kinases,3426,0.8618,0.4581,93.02,0.9682
1,TCGA-5M-AAT4,MSS,MSS,100.0,Var#0,VC#0,N/A,5189,0.1132,0.4581,93.02,0.9682
1,TCGA-AY-5543,MSS,MSS,100.0,Var#0,VC#0,N/A,4734,0.1101,0.4581,93.02,0.9682
1,TCGA-D5-6535,MSS,MSS,100.0,APC_c.4348C>T,Nonsense_Mutation,Tumor Suppressor Genes,7296,0.3694,0.4581,93.02,0.9682
1,TCGA-A6-2681,MSS,MSS,100.0,Var#0,VC#0,N/A,307,0.1135,0.4581,93.02,0.9682
1,TCGA-G4-6297,MSS,MSS,100.0,BMP3_c.145G>T,Nonsense_Mutation,Cytokines and Growth Factors,1065,0.3318,0.4581,93.02,0.9682
1,TCGA-G4-6626,MSS,MSS,100.0,APC_c.694C>T,Nonsense_Mutation,Tumor Suppressor Genes,1627,0.1395,0.4581,93.02,0.9682
1,TCGA-AA-3875,MSS,MSS,100.0,Var#0,VC#0,N/A,2501,0.1043,0.4581,93.02,0.9682
1,TCGA-CM-6674,MSIMUT,MSIMUT,99.9,JAG2_c.2644G>T,Nonsense_Mutation,Cytokines and Growth Factors,21415,0.2103,0.4581,93.02,0.9682
1,TCGA-CK-4951,MSIMUT,MSIMUT,99.9,CARD11_c.415C>T,Nonsense_Mutation,Oncogenes,3587,0.2494,0.4581,93.02,0.9682
1,TCGA-CA-6718,MSS,MSIMUT,99.9,PTEN_c.340G>T,Nonsense_Mutation,Tumor Suppressor Genes,439,0.345,0.4581,93.02,0.9682
1,TCGA-CK-5912,MSS,MSS,100.0,Var#0,VC#0,N/A,15911,0.1158,0.4581,93.02,0.9682
1,TCGA-AA-3678,MSS,MSS,100.0,ZNF334_c.1421C>A,Nonsense_Mutation,Transcription Factors,1357,0.0963,0.4581,93.02,0.9682
1,TCGA-CA-5797,MSS,MSS,100.0,Var#0,VC#0,N/A,6459,0.1224,0.4581,93.02,0.9682
1,TCGA-F4-6463,MSS,MSS,100.0,Var#0,VC#0,N/A,3328,0.1003,0.4581,93.02,0.9682
1,TCGA-A6-2685,MSS,MSS,100.0,Var#0,VC#0,N/A,4087,0.1161,0.4581,93.02,0.9682
1,TCGA-G4-6307,MSS,MSS,100.0,Var#0,VC#0,N/A,7386,0.1176,0.4581,93.02,0.9682
1,TCGA-CK-4952,MSS,MSS,100.0,Var#0,VC#0,N/A,1268,0.1024,0.4581,93.02,0.9682
1,TCGA-D5-6539,MSS,MSS,100.0,Var#0,VC#0,N/A,3333,0.1027,0.4581,93.02,0.9682
1,TCGA-AA-3666,MSS,MSS,100.0,Var#0,VC#0,N/A,3606,0.0813,0.4581,93.02,0.9682
1,TCGA-A6-A567,MSS,MSS,100.0,Var#0,VC#0,N/A,7188,0.0981,0.4581,93.02,0.9682
1,TCGA-F4-6856,MSIMUT,MSIMUT,99.9,TP53_c.916C>T,Nonsense_Mutation,"Tumor Suppressor Genes, Transcription Factors",4273,0.2078,0.4581,93.02,0.9682
1,TCGA-CM-5349,MSS,MSS,100.0,Var#0,VC#0,N/A,15631,0.1337,0.4581,93.02,0.9682
1,TCGA-AA-3845,MSIMUT,MSIMUT,99.9,BRD1_c.2884G>A,Missense_Mutation,Transcription Factors,1543,1.4834,0.4581,93.02,0.9682
1,TCGA-AA-A00N,MSIMUT,MSIMUT,99.9,SETD2_c.412G>T,Nonsense_Mutation,Tumor Suppressor Genes,1258,0.2401,0.4581,93.02,0.9682
1,TCGA-AA-3877,MSIMUT,MSIMUT,99.9,KLRK1_c.578C>T,Missense_Mutation,Cell Differentiation Markers,940,1.0703,0.4581,93.02,0.9682
1,TCGA-QG-A5YV,MSS,MSS,100.0,Var#0,VC#0,N/A,17305,0.1208,0.4581,93.02,0.9682
1,TCGA-CM-4743,MSIMUT,MSIMUT,99.9,GRK6_c.1187_1189del,In_Frame_Del,Protein Kinases,14629,0.165,0.4581,93.02,0.9682
1,TCGA-AA-A01T,MSS,MSS,100.0,Var#0,VC#0,N/A,2217,0.1029,0.4581,93.02,0.9682
1,TCGA-AA-3968,MSS,MSS,100.0,TOX_c.936G>T,Missense_Mutation,Transcription Factors,465,0.7671,0.4581,93.02,0.9682
1,TCGA-CM-4746,MSIMUT,MSIMUT,99.9,SIM1_c.106C>T,Nonsense_Mutation,Transcription Factors,4842,0.1971,0.4581,93.02,0.9682
1,TCGA-NH-A50T,MSS,MSS,100.0,Var#0,VC#0,N/A,17349,0.1142,0.4581,93.02,0.9682
1,TCGA-A6-5662,MSS,MSS,100.0,REV3L_c.6007C>T,Nonsense_Mutation,Transcription Factors,1047,0.2314,0.4581,93.02,0.9682
1,TCGA-AA-3984,MSS,MSIMUT,99.9,ELF4_c.64G>T,Missense_Mutation,"Oncogenes, Transcription Factors",2403,1.1104,0.4581,93.02,0.9682
1,TCGA-D5-6533,MSS,MSS,100.0,BMP5_c.961C>T,Nonsense_Mutation,Cytokines and Growth Factors,13289,0.292,0.4581,93.02,0.9682
1,TCGA-G4-6315,MSS,MSS,100.0,APC_c.646C>T,Nonsense_Mutation,Tumor Suppressor Genes,6459,0.2197,0.4581,93.02,0.9682
1,TCGA-CM-6164,MSS,MSS,100.0,APC_c.694C>T,Nonsense_Mutation,Tumor Suppressor Genes,10426,0.1519,0.4581,93.02,0.9682
1,TCGA-G4-6586,MSIMUT,MSIMUT,99.9,CCDC6_c.337A>G,Missense_Mutation,Oncogenes,4014,1.293,0.4581,93.02,0.9682
2,TCGA-AA-3664,MSS,MSS,99.9,ATM_c.8082_8084del,In_Frame_Del,"Tumor Suppressor Genes, Protein Kinases",3447,0.2795,0.0052,100.0,1.0
2,TCGA-D5-6898,MSS,MSS,99.9,Var#0,VC#0,N/A,2939,0.2493,0.0052,100.0,1.0
2,TCGA-G4-6309,MSIMUT,MSIMUT,98.1,PIK3R1_c.1746-2A>G,Splice_Site,Tumor Suppressor Genes,3939,0.8921,0.0052,100.0,1.0
2,TCGA-AD-6888,MSS,MSS,99.9,Var#0,VC#0,N/A,2969,0.26,0.0052,100.0,1.0
2,TCGA-DM-A288,MSS,MSS,99.9,Var#0,VC#0,N/A,9108,0.2135,0.0052,100.0,1.0
2,TCGA-AM-5821,MSIMUT,MSIMUT,98.2,PIAS2_c.727-1G>T,Splice_Site,Transcription Factors,6527,0.5386,0.0052,100.0,1.0
2,TCGA-AA-3814,MSS,MSS,99.9,Var#0,VC#0,N/A,1070,0.2196,0.0052,100.0,1.0
2,TCGA-AZ-4682,MSS,MSS,99.9,Var#0,VC#0,N/A,10281,0.3062,0.0052,100.0,1.0
2,TCGA-G4-6323,MSS,MSS,99.9,APC_c.1958+1G>A,Splice_Site,Tumor Suppressor Genes,8494,1.1865,0.0052,100.0,1.0
2,TCGA-AD-6895,MSIMUT,MSIMUT,98.1,KDM3B_c.5099T>C,Missense_Mutation,Transcription Factors,133,0.6421,0.0052,100.0,1.0
2,TCGA-D5-6531,MSS,MSS,99.7,Var#0,VC#0,N/A,9529,0.2018,0.0052,100.0,1.0
2,TCGA-AA-3818,MSS,MSS,99.8,EIF2AK3_c.1764-1G>C,Splice_Site,Protein Kinases,446,0.7871,0.0052,100.0,1.0
2,TCGA-AA-3979,MSS,MSS,99.9,Var#0,VC#0,N/A,970,0.2642,0.0052,100.0,1.0
2,TCGA-AA-3966,MSIMUT,MSIMUT,98.1,AFF2_c.2933del,Frame_Shift_Del,Transcription Factors,66,0.5747,0.0052,100.0,1.0
2,TCGA-AY-6197,MSIMUT,MSIMUT,98.2,ITGAV_c.1397+1G>A,Splice_Site,Cell Differentiation Markers,5511,0.6826,0.0052,100.0,1.0
2,TCGA-AD-6965,MSS,MSS,99.9,PLK4_c.2563-1G>C,Splice_Site,Protein Kinases,569,0.9673,0.0052,100.0,1.0
2,TCGA-AA-3858,MSS,MSS,99.9,Var#0,VC#0,N/A,662,0.2322,0.0052,100.0,1.0
2,TCGA-F4-6806,MSS,MSS,99.9,Var#0,VC#0,N/A,7356,0.2717,0.0052,100.0,1.0
2,TCGA-AA-3821,MSIMUT,MSIMUT,98.1,RBM15_c.2729del,Frame_Shift_Del,Oncogenes,2466,0.5493,0.0052,100.0,1.0
2,TCGA-AA-3673,MSS,MSS,99.9,HNRNPA2B1_c.878-6_883del,Splice_Site,Oncogenes,1452,0.6313,0.0052,100.0,1.0
2,TCGA-CM-6677,MSS,MSS,99.8,Var#0,VC#0,N/A,11514,0.2981,0.0052,100.0,1.0
2,TCGA-AA-3976,MSS,MSS,99.9,Var#0,VC#0,N/A,754,0.2595,0.0052,100.0,1.0
2,TCGA-CM-6171,MSIMUT,MSIMUT,98.1,Var#0,VC#0,N/A,2690,0.2303,0.0052,100.0,1.0
2,TCGA-CM-4751,MSS,MSS,99.9,Var#0,VC#0,N/A,5546,0.2693,0.0052,100.0,1.0
2,TCGA-AA-A01V,MSS,MSS,99.9,ACVR2B_c.811-2A>G,Splice_Site,Protein Kinases,1501,0.8833,0.0052,100.0,1.0
2,TCGA-F4-6808,MSS,MSS,99.8,Var#0,VC#0,N/A,8003,0.3315,0.0052,100.0,1.0
2,TCGA-CM-4752,MSS,MSS,99.9,Var#0,VC#0,N/A,3357,0.2729,0.0052,100.0,1.0
2,TCGA-AY-A71X,MSS,MSS,99.9,SEMA5B_c.125-1_133del,Splice_Site,"Cell Differentiation Markers, Cytokines and Growth Factors",8502,0.9058,0.0052,100.0,1.0
2,TCGA-NH-A6GC,MSS,MSS,99.9,MED27_c.802-1G>C,Splice_Site,Transcription Factors,14743,1.0146,0.0052,100.0,1.0
2,TCGA-D5-6922,MSS,MSS,99.9,APC_c.1409-1G>A,Splice_Site,Tumor Suppressor Genes,3567,0.4568,0.0052,100.0,1.0
2,TCGA-AA-3850,MSS,MSS,99.8,APC_c.646-1G>A,Splice_Site,Tumor Suppressor Genes,1776,0.8462,0.0052,100.0,1.0
2,TCGA-AZ-6598,MSIMUT,MSIMUT,98.2,CD68_c.760+1G>A,Splice_Site,Cell Differentiation Markers,9126,0.9614,0.0052,100.0,1.0
2,TCGA-CA-6716,MSS,MSS,99.9,Var#0,VC#0,N/A,1326,0.2729,0.0052,100.0,1.0
2,TCGA-CM-6165,MSS,MSS,99.9,TP53_c.993+1G>T,Splice_Site,"Tumor Suppressor Genes, Transcription Factors",4586,0.9702,0.0052,100.0,1.0
2,TCGA-AZ-4681,MSS,MSS,99.9,Var#0,VC#0,N/A,4168,0.2595,0.0052,100.0,1.0
2,TCGA-CM-5344,MSS,MSS,99.9,Var#0,VC#0,N/A,9079,0.2472,0.0052,100.0,1.0
2,TCGA-AZ-6605,MSS,MSS,99.9,Var#0,VC#0,N/A,8673,0.3264,0.0052,100.0,1.0
2,TCGA-AZ-5407,MSS,MSS,99.9,Var#0,VC#0,N/A,3794,0.1692,0.0052,100.0,1.0
2,TCGA-CK-6751,MSS,MSS,99.9,Var#0,VC#0,N/A,2598,0.1831,0.0052,100.0,1.0
2,TCGA-AA-A022,MSIMUT,MSIMUT,98.1,SIM2_c.1489del,Frame_Shift_Del,Transcription Factors,1456,0.6021,0.0052,100.0,1.0
2,TCGA-F4-6570,MSIMUT,MSIMUT,98.1,PCGF2_c.209+1G>A,Splice_Site,Transcription Factors,1031,0.7085,0.0052,100.0,1.0
2,TCGA-A6-4105,MSS,MSS,99.8,Var#0,VC#0,N/A,150,0.2834,0.0052,100.0,1.0
2,TCGA-AA-3848,MSS,MSS,99.9,Var#0,VC#0,N/A,3225,0.2793,0.0052,100.0,1.0
3,TCGA-CK-5916,MSIMUT,MSIMUT,98.2,RUNX2_c.90del,Frame_Shift_Del,Transcription Factors,17796,9.6328,0.005,100.0,1.0
3,TCGA-AA-3846,MSS,MSS,99.9,ECD_c.1463_1467del,Frame_Shift_Del,Transcription Factors,1023,2.5684,0.005,100.0,1.0
3,TCGA-DM-A282,MSS,MSS,99.9,BCL9_c.1290del,Frame_Shift_Del,Oncogenes,6412,3.0723,0.005,100.0,1.0
3,TCGA-AA-3975,MSS,MSS,99.9,RNF213_c.9334C>G,Missense_Mutation,Oncogenes,2358,2.918,0.005,100.0,1.0
3,TCGA-DM-A0X9,MSS,MSS,99.9,CTCF_c.85C>T,Missense_Mutation,Transcription Factors,14986,2.8242,0.005,100.0,1.0
3,TCGA-F4-6460,MSS,MSS,99.9,TTN_c.64662del,Frame_Shift_Del,Protein Kinases,11428,3.9707,0.005,100.0,1.0
3,TCGA-CA-5255,MSS,MSS,99.9,ETV6_c.272G>A,Missense_Mutation,"Oncogenes, Transcription Factors",7538,2.6211,0.005,100.0,1.0
3,TCGA-CM-5861,MSIMUT,MSIMUT,98.2,ZNF395_c.700del,Frame_Shift_Del,Transcription Factors,882,7.75,0.005,100.0,1.0
3,TCGA-CK-5913,MSIMUT,MSIMUT,98.2,ZNF277_c.738del,Frame_Shift_Del,Transcription Factors,3346,8.4453,0.005,100.0,1.0
3,TCGA-G4-6306,MSS,MSS,99.9,ELF3_c.92del,Frame_Shift_Del,Transcription Factors,14726,5.168,0.005,100.0,1.0
3,TCGA-CM-6166,MSS,MSS,99.9,APC_c.1863_1866del,Frame_Shift_Del,Tumor Suppressor Genes,11593,5.6016,0.005,100.0,1.0
3,TCGA-AA-A02O,MSS,MSS,99.9,ZEB1_c.1199del,Frame_Shift_Del,Transcription Factors,2214,5.0703,0.005,100.0,1.0
3,TCGA-AA-A01R,MSIMUT,MSIMUT,98.2,ZNF831_c.3073del,Frame_Shift_Del,Transcription Factors,5083,5.8242,0.005,100.0,1.0
3,TCGA-F4-6459,MSS,MSS,99.9,GSK3A_c.1010del,Frame_Shift_Del,Protein Kinases,16278,5.5586,0.005,100.0,1.0
3,TCGA-AD-6890,MSS,MSS,99.9,PAX3_c.812G>A,Missense_Mutation,"Oncogenes, Transcription Factors",36,2.8262,0.005,100.0,1.0
3,TCGA-CM-5864,MSS,MSS,99.9,CTCF_c.1102C>T,Missense_Mutation,Transcription Factors,7516,3.0293,0.005,100.0,1.0
3,TCGA-AA-3851,MSS,MSS,99.9,GOLGA5_c.343A>C,Missense_Mutation,Oncogenes,2162,2.5664,0.005,100.0,1.0
3,TCGA-AA-3696,MSS,MSS,99.9,FOXP1_c.1541G>A,Missense_Mutation,"Oncogenes, Transcription Factors",1710,2.8672,0.005,100.0,1.0
3,TCGA-A6-4107,MSS,MSS,99.9,FLT4_c.3137C>T,Missense_Mutation,Protein Kinases,3081,3.75,0.005,100.0,1.0
3,TCGA-CK-6748,MSS,MSS,99.9,CDK11A_c.1615_1628del,Frame_Shift_Del,Protein Kinases,12658,7.1016,0.005,100.0,1.0
3,TCGA-AA-3949,MSIMUT,MSIMUT,98.2,CD93_c.361del,Frame_Shift_Del,Cell Differentiation Markers,2042,6.5312,0.005,100.0,1.0
3,TCGA-D5-6534,MSS,MSS,99.9,TP53_c.608_609del,Frame_Shift_Del,"Tumor Suppressor Genes, Transcription Factors",4754,5.4531,0.005,100.0,1.0
3,TCGA-AA-3864,MSIMUT,MSIMUT,98.2,ZFHX4_c.4692del,Frame_Shift_Del,Transcription Factors,1196,5.0586,0.005,100.0,1.0
3,TCGA-D5-5537,MSS,MSS,99.9,APC_c.2739_2748del,Frame_Shift_Del,Tumor Suppressor Genes,16802,4.1641,0.005,100.0,1.0
3,TCGA-AA-3684,MSS,MSS,99.9,SOX9_c.1302del,Frame_Shift_Del,Transcription Factors,7622,5.4883,0.005,100.0,1.0
3,TCGA-NH-A8F8,MSS,MSS,99.9,ZFP36L2_c.265_272del,Frame_Shift_Del,Transcription Factors,7577,4.125,0.005,100.0,1.0
3,TCGA-CM-6679,MSS,MSS,99.9,TTN_c.5254C>T,Missense_Mutation,Protein Kinases,17887,2.7402,0.005,100.0,1.0
3,TCGA-AA-A01Z,MSS,MSS,99.9,TADA3_c.288dup,Frame_Shift_Ins,Transcription Factors,2516,2.834,0.005,100.0,1.0
3,TCGA-F4-6569,MSS,MSS,99.9,APC_c.4218del,Frame_Shift_Del,Tumor Suppressor Genes,5700,5.1719,0.005,100.0,1.0
3,TCGA-DM-A28G,MSS,MSS,99.9,TBX3_c.2141_2142del,Frame_Shift_Del,Transcription Factors,17053,3.0137,0.005,100.0,1.0
3,TCGA-G4-6294,MSS,MSS,99.9,TTN_c.50314G>C,Missense_Mutation,Protein Kinases,5541,2.9688,0.005,100.0,1.0
3,TCGA-QL-A97D,MSS,MSS,99.8,TAF9_c.82del,Frame_Shift_Del,Transcription Factors,14176,5.1914,0.005,100.0,1.0
3,TCGA-AA-3693,MSS,MSS,99.9,APC_c.3885del,Frame_Shift_Del,Tumor Suppressor Genes,2011,3.9668,0.005,100.0,1.0
3,TCGA-A6-6653,MSIMUT,MSIMUT,98.2,CD93_c.361del,Frame_Shift_Del,Cell Differentiation Markers,5223,8.4688,0.005,100.0,1.0
3,TCGA-AY-6386,MSS,MSS,99.9,SOX9_c.432-13_452del,Splice_Site,Transcription Factors,4063,2.8047,0.005,100.0,1.0
3,TCGA-AA-3715,MSIMUT,MSIMUT,98.2,GTPBP1_c.1156del,Frame_Shift_Del,Transcription Factors,555,6.6367,0.005,100.0,1.0
3,TCGA-CM-5868,MSS,MSS,99.9,TTN_c.2422C>T,Missense_Mutation,Protein Kinases,10995,3.5391,0.005,100.0,1.0
3,TCGA-DM-A1D6,MSS,MSS,99.9,CSHL1_c.166G>C,Missense_Mutation,Cytokines and Growth Factors,2237,2.9668,0.005,100.0,1.0
3,TCGA-A6-6648,MSS,MSS,99.9,SEMA3A_c.2083_2089del,Frame_Shift_Del,"Cell Differentiation Markers, Cytokines and Growth Factors",1840,3.8262,0.005,100.0,1.0
3,TCGA-AA-A01P,MSIMUT,MSIMUT,98.2,ARAF_c.763del,Frame_Shift_Del,Protein Kinases,290,6.3242,0.005,100.0,1.0
3,TCGA-DM-A1D8,MSS,MSS,99.9,KDM3B_c.2351C>A,Nonsense_Mutation,Transcription Factors,6529,2.6289,0.005,100.0,1.0
3,TCGA-DM-A1D0,MSS,MSS,99.9,ZNF521_c.2810G>A,Missense_Mutation,Oncogenes,15231,1.7568,0.005,100.0,1.0
4,TCGA-4N-A93T,MSS,MSS,99.4,CTNNB1_c.134C>T,Missense_Mutation,"Oncogenes, Transcription Factors",37087,64.0625,0.0224,100.0,1.0
4,TCGA-NH-A5IV,MSIMUT,MSIMUT,93.9,ALK_c.4099C>A,Missense_Mutation,"Oncogenes, Protein Kinases, Cell Differentiation Markers",2541,72.5625,0.0224,100.0,1.0
4,TCGA-AA-3986,MSS,MSS,99.4,TSHZ3_c.1618G>A,Missense_Mutation,Transcription Factors,2289,33.875,0.0224,100.0,1.0
4,TCGA-A6-2671,MSS,MSS,99.4,TWIST1_c.352C>T,Missense_Mutation,Transcription Factors,183,46.1562,0.0224,100.0,1.0
4,TCGA-AA-3811,MSIMUT,MSIMUT,93.9,PRKDC_c.10532C>T,Missense_Mutation,Protein Kinases,3196,28.2656,0.0224,100.0,1.0
4,TCGA-AD-6889,MSIMUT,MSIMUT,93.9,LRRK2_c.955C>A,Missense_Mutation,Protein Kinases,2543,65.75,0.0224,100.0,1.0
4,TCGA-AZ-6601,MSIMUT,MSIMUT,93.9,CREBBP_c.1874G>A,Missense_Mutation,"Oncogenes, Transcription Factors",9979,66.3125,0.0224,100.0,1.0
4,TCGA-D5-6926,MSS,MSS,99.4,LILRB2_c.133G>A,Missense_Mutation,Cell Differentiation Markers,3166,26.8438,0.0224,100.0,1.0
4,TCGA-AA-3831,MSS,MSS,99.3,ACVR1B_c.655G>T,Missense_Mutation,Protein Kinases,1640,38.1875,0.0224,100.0,1.0
4,TCGA-AD-5900,MSIMUT,MSIMUT,93.9,AFF4_c.1630C>T,Missense_Mutation,"Oncogenes, Transcription Factors",1490,65.625,0.0224,100.0,1.0
4,TCGA-G4-6311,MSS,MSS,99.1,CBX1_c.100G>A,Missense_Mutation,Transcription Factors,22847,27.1562,0.0224,100.0,1.0
4,TCGA-DM-A28E,MSS,MSS,99.4,TP53_c.853G>A,Missense_Mutation,"Tumor Suppressor Genes, Transcription Factors",11108,33.1562,0.0224,100.0,1.0
4,TCGA-AA-3679,MSS,MSS,99.4,MAST2_c.3080G>A,Missense_Mutation,Protein Kinases,2496,34.125,0.0224,100.0,1.0
4,TCGA-CK-4947,MSS,MSS,99.3,DDR1_c.640A>C,Missense_Mutation,"Protein Kinases, Cell Differentiation Markers",23224,55.7188,0.0224,100.0,1.0
4,TCGA-AA-A01X,MSS,MSS,99.4,MYT1_c.493G>A,Missense_Mutation,Transcription Factors,6074,30.7812,0.0224,100.0,1.0
4,TCGA-D5-7000,MSS,MSS,99.4,ABL1_c.895G>A,Missense_Mutation,"Oncogenes, Protein Kinases",825,43.5312,0.0224,100.0,1.0
4,TCGA-D5-6536,MSS,MSS,99.3,ZNF354A_c.1781C>G,Missense_Mutation,Transcription Factors,9210,72.0,0.0224,100.0,1.0
4,TCGA-CM-6169,MSS,MSS,99.4,BRAF_c.1526G>C,Missense_Mutation,"Oncogenes, Protein Kinases",9660,52.4688,0.0224,100.0,1.0
4,TCGA-D5-6932,MSS,MSS,99.1,RTRAF_c.41C>T,Missense_Mutation,Transcription Factors,1087,24.2031,0.0224,100.0,1.0
4,TCGA-AA-A03J,MSS,MSS,99.4,TP53_c.396G>C,Missense_Mutation,"Tumor Suppressor Genes, Transcription Factors",2459,30.4844,0.0224,100.0,1.0
4,TCGA-G4-6628,MSIMUT,MSIMUT,93.9,BRD4_c.1894C>T,Missense_Mutation,"Oncogenes, Protein Kinases, Transcription Factors",19790,53.4062,0.0224,100.0,1.0
4,TCGA-AZ-6600,MSS,MSS,99.3,ZFHX3_c.4595A>G,Missense_Mutation,Transcription Factors,5665,59.625,0.0224,100.0,1.0
4,TCGA-AZ-6599,MSS,MSS,98.0,CDC42BPG_c.1889G>A,Missense_Mutation,Protein Kinases,4456,52.1875,0.0224,100.0,1.0
4,TCGA-AD-A5EK,MSS,MSS,99.4,NR4A1_c.1341C>A,Missense_Mutation,Transcription Factors,538,49.75,0.0224,100.0,1.0
4,TCGA-D5-6931,MSS,MSS,92.0,ZFHX3_c.856T>A,Missense_Mutation,Transcription Factors,4387,40.0938,0.0224,100.0,1.0
4,TCGA-NH-A6GA,MSS,MSS,99.4,TAF6L_c.314G>A,Missense_Mutation,Transcription Factors,11162,30.25,0.0224,100.0,1.0
4,TCGA-AD-6964,MSIMUT,MSIMUT,93.9,CDH1_c.2053G>A,Missense_Mutation,"Tumor Suppressor Genes, Cell Differentiation Markers",1621,70.875,0.0224,100.0,1.0
4,TCGA-DM-A1HA,MSS,MSS,99.3,TSSK1B_c.357G>T,Missense_Mutation,Protein Kinases,7870,31.5,0.0224,100.0,1.0
4,TCGA-AD-6963,MSS,MSS,99.4,ATM_c.5170G>C,Missense_Mutation,"Tumor Suppressor Genes, Protein Kinases",1004,29.5781,0.0224,100.0,1.0
4,TCGA-DM-A28K,MSS,MSS,99.2,PSG1_c.560T>A,Missense_Mutation,Cell Differentiation Markers,3529,64.4375,0.0224,100.0,1.0
4,TCGA-CK-6746,MSIMUT,MSIMUT,93.9,SUPT5H_c.2438G>A,Missense_Mutation,Transcription Factors,2534,51.4062,0.0224,100.0,1.0
4,TCGA-D5-6530,MSIMUT,MSIMUT,93.9,ALK_c.514G>A,Missense_Mutation,"Oncogenes, Protein Kinases, Cell Differentiation Markers",17583,54.4375,0.0224,100.0,1.0
4,TCGA-AA-A02H,MSS,MSS,99.4,CAMK2D_c.289G>C,Missense_Mutation,Protein Kinases,3778,25.0938,0.0224,100.0,1.0
4,TCGA-G4-6304,MSIMUT,MSIMUT,93.9,DCP1A_c.349C>T,Missense_Mutation,Transcription Factors,15287,52.1562,0.0224,100.0,1.0
4,TCGA-AY-4071,MSS,MSS,99.4,ERBB4_c.497T>A,Missense_Mutation,Protein Kinases,1224,28.6875,0.0224,100.0,1.0
4,TCGA-F4-6704,MSS,MSS,99.4,SMARCA1_c.2492A>G,Missense_Mutation,Transcription Factors,3202,66.6875,0.0224,100.0,1.0
4,TCGA-DM-A1D7,MSS,MSS,99.1,SRCAP_c.2547G>A,Missense_Mutation,Transcription Factors,9793,56.75,0.0224,100.0,1.0
4,TCGA-F4-6854,MSS,MSS,99.4,SRCAP_c.6940C>T,Missense_Mutation,Transcription Factors,2468,44.125,0.0224,100.0,1.0
4,TCGA-AA-A02Y,MSS,MSS,99.3,EIF2AK3_c.1459A>T,Missense_Mutation,Protein Kinases,1377,38.4688,0.0224,100.0,1.0
4,TCGA-DM-A28F,MSS,MSS,98.9,NTRK1_c.2089G>C,Missense_Mutation,"Oncogenes, Protein Kinases",4693,27.9062,0.0224,100.0,1.0
4,TCGA-A6-6142,MSS,MSS,99.4,THBD_c.317G>A,Missense_Mutation,Cell Differentiation Markers,3188,28.9531,0.0224,100.0,1.0
4,TCGA-CM-6680,MSS,MSS,99.4,SMAD4_c.1064A>G,Missense_Mutation,"Tumor Suppressor Genes, Transcription Factors",14000,83.0,0.0224,100.0,1.0
5,TCGA-AA-3994,MSS,MSS,100.0,ZXDC_c.2300G>A,Missense_Mutation,Transcription Factors,294,3.5312,0.3249,97.62,0.9875
5,TCGA-AM-5820,MSS,MSS,100.0,SEMA5B_c.2657G>A,Missense_Mutation,"Cell Differentiation Markers, Cytokines and Growth Factors",2386,2.6016,0.3249,97.62,0.9875
5,TCGA-CA-6715,MSS,MSS,100.0,MAPK8IP1_c.1781C>T,Missense_Mutation,Transcription Factors,13,1.3916,0.3249,97.62,0.9875
5,TCGA-CM-4744,MSS,MSS,100.0,TRPS1_c.3335G>A,Missense_Mutation,Transcription Factors,1416,3.293,0.3249,97.62,0.9875
5,TCGA-A6-6652,MSS,MSS,100.0,SOX9_c.872del,Frame_Shift_Del,Transcription Factors,1340,2.1816,0.3249,97.62,0.9875
5,TCGA-SS-A7HO,MSS,MSS,100.0,APC_c.8209G>C,Missense_Mutation,Tumor Suppressor Genes,8590,2.373,0.3249,97.62,0.9875
5,TCGA-AA-3950,MSIMUT,MSIMUT,100.0,TAF1L_c.485del,Frame_Shift_Del,Protein Kinases,1538,3.2168,0.3249,97.62,0.9875
5,TCGA-AZ-5403,MSS,MSS,100.0,SRGAP3_c.1016G>A,Missense_Mutation,Oncogenes,3509,2.1055,0.3249,97.62,0.9875
5,TCGA-A6-6651,MSS,MSS,100.0,RLIM_c.1094G>A,Missense_Mutation,Transcription Factors,183,2.5605,0.3249,97.62,0.9875
5,TCGA-NH-A6GB,MSS,MSS,100.0,CEBPZ_c.49C>T,Missense_Mutation,Transcription Factors,4573,2.5195,0.3249,97.62,0.9875
5,TCGA-D5-5539,MSS,MSS,100.0,OBSCN_c.7147C>T,Missense_Mutation,Protein Kinases,1119,2.7793,0.3249,97.62,0.9875
5,TCGA-AA-3812,MSS,MSS,100.0,SETBP1_c.3131G>A,Missense_Mutation,Transcription Factors,3215,2.9844,0.3249,97.62,0.9875
5,TCGA-AD-A5EJ,MSIMUT,MSIMUT,100.0,AFF2_c.470C>A,Missense_Mutation,Transcription Factors,875,3.5078,0.3249,97.62,0.9875
5,TCGA-D5-6920,MSS,MSS,100.0,E4F1_c.2089G>A,Missense_Mutation,Transcription Factors,1277,1.6299,0.3249,97.62,0.9875
5,TCGA-A6-6137,MSS,MSS,100.0,HAND1_c.424T>G,Missense_Mutation,Transcription Factors,1728,2.3281,0.3249,97.62,0.9875
5,TCGA-CM-5348,MSS,MSS,100.0,SLAMF7_c.720_721del,Frame_Shift_Del,Cell Differentiation Markers,3468,2.6641,0.3249,97.62,0.9875
5,TCGA-CK-6747,MSIMUT,MSS,100.0,ARID1B_c.3284_3285del,Frame_Shift_Del,Transcription Factors,4874,3.6348,0.3249,97.62,0.9875
5,TCGA-AA-3833,MSIMUT,MSIMUT,100.0,TCF20_c.364del,Frame_Shift_Del,Transcription Factors,1093,3.373,0.3249,97.62,0.9875
5,TCGA-CA-5796,MSS,MSS,100.0,ZFHX4_c.2129C>A,Missense_Mutation,Transcription Factors,7988,1.834,0.3249,97.62,0.9875
5,TCGA-DM-A28A,MSS,MSS,100.0,PRDM10_c.3362C>T,Missense_Mutation,Transcription Factors,11138,1.8408,0.3249,97.62,0.9875
5,TCGA-D5-6540,MSIMUT,MSIMUT,100.0,TAF15_c.1589del,Frame_Shift_Del,"Oncogenes, Transcription Factors",6548,3.4902,0.3249,97.62,0.9875
5,TCGA-AA-3956,MSS,MSS,100.0,ZMYND11_c.289G>C,Missense_Mutation,Transcription Factors,1211,2.9883,0.3249,97.62,0.9875
5,TCGA-DM-A280,MSS,MSS,100.0,POU3F4_c.290G>A,Missense_Mutation,Transcription Factors,15799,2.8984,0.3249,97.62,0.9875
5,TCGA-CM-6172,MSS,MSS,100.0,TTBK1_c.1147G>A,Missense_Mutation,Protein Kinases,3321,3.0273,0.3249,97.62,0.9875
5,TCGA-F4-6807,MSS,MSS,100.0,MAP3K7_c.1237C>T,Missense_Mutation,Protein Kinases,9054,3.041,0.3249,97.62,0.9875
5,TCGA-3L-AA1B,MSS,MSS,100.0,PTPRC_c.207C>A,Missense_Mutation,Cell Differentiation Markers,8425,2.1992,0.3249,97.62,0.9875
5,TCGA-G4-6302,MSIMUT,MSIMUT,100.0,BNC2_c.433G>T,Missense_Mutation,Transcription Factors,2811,3.498,0.3249,97.62,0.9875
5,TCGA-AA-3856,MSS,MSS,100.0,ZNF264_c.1415G>T,Missense_Mutation,Transcription Factors,4457,2.5449,0.3249,97.62,0.9875
5,TCGA-NH-A50U,MSS,MSS,100.0,TWF2_c.981G>T,Missense_Mutation,Protein Kinases,853,2.834,0.3249,97.62,0.9875
5,TCGA-A6-3807,MSS,MSS,100.0,SMARCA2_c.1057C>T,Missense_Mutation,Transcription Factors,7169,2.4199,0.3249,97.62,0.9875
5,TCGA-AZ-4308,MSS,MSS,100.0,NFE2_c.433G>A,Missense_Mutation,Transcription Factors,12575,2.7773,0.3249,97.62,0.9875
5,TCGA-CM-6678,MSS,MSS,100.0,SALL4_c.10C>T,Missense_Mutation,Transcription Factors,8117,2.9609,0.3249,97.62,0.9875
5,TCGA-AA-3952,MSS,MSS,100.0,PDGFRA_c.1700C>T,Missense_Mutation,"Oncogenes, Protein Kinases, Cell Differentiation Markers, Cytokines and Growth Factors",323,2.0586,0.3249,97.62,0.9875
5,TCGA-A6-6138,MSS,MSS,100.0,SEMA6C_c.862T>A,Missense_Mutation,"Cell Differentiation Markers, Cytokines and Growth Factors",3892,3.4922,0.3249,97.62,0.9875
5,TCGA-CM-6170,MSS,MSS,100.0,SMARCA4_c.3542A>C,Missense_Mutation,"Tumor Suppressor Genes, Transcription Factors",1940,2.7383,0.3249,97.62,0.9875
5,TCGA-AU-6004,MSIMUT,MSIMUT,100.0,ETV6_c.136_137del,Frame_Shift_Del,"Oncogenes, Transcription Factors",2864,3.6855,0.3249,97.62,0.9875
5,TCGA-CM-5862,MSS,MSS,100.0,SET_c.275del,Frame_Shift_Del,Oncogenes,11828,2.3848,0.3249,97.62,0.9875
5,TCGA-AA-A02F,MSS,MSS,100.0,RB1_c.1587_1588del,Frame_Shift_Del,"Tumor Suppressor Genes, Transcription Factors",197,3.0,0.3249,97.62,0.9875
5,TCGA-G4-6320,MSIMUT,MSIMUT,100.0,ARNT2_c.339G>T,Missense_Mutation,Transcription Factors,763,3.125,0.3249,97.62,0.9875
5,TCGA-AZ-4615,MSIMUT,MSIMUT,100.0,ZEB1_c.3174del,Frame_Shift_Del,Transcription Factors,5702,3.3379,0.3249,97.62,0.9875
5,TCGA-WS-AB45,MSIMUT,MSIMUT,100.0,MECP2_c.385G>A,Missense_Mutation,Transcription Factors,17741,2.6797,0.3249,97.62,0.9875
5,TCGA-DM-A285,MSS,MSS,100.0,SMAD4_c.1054G>A,Missense_Mutation,"Tumor Suppressor Genes, Transcription Factors",15293,1.8789,0.3249,97.62,0.9875
